id, email,username,password,reg_date
1,mezadogip@zop.zw,HERHAL,LvdoaJQKTsF,3/21/2022
2,lazsi@egzet.gm,BESERI,QpzkPP8O76ed,12/23/2022
3,pehef@ewecujnu.gov,DONGRO,UmS5tJl,1/10/2023
4,johug@kubcu.cy,LINPAY,F6YmrcD24oP,10/28/2022
5,ehbepzi@pid.jm,KYLDAV,8aPr3MOnLC,6/3/2022
6,vispemod@zabakug.pf,CLAKEL,ozs7pE5vGa,12/24/2022
7,dace@hommir.ie,JEFJOH,DVXjvRpCkEK,6/18/2022
8,ruoho@foz.nz,HALSTE,CpucC66jk,2/22/2022
9,cuhih@gipep.bn,MARPOW,IF0BtB4ySZn,1/14/2022
10,hug@faze.mh,MOLFRA,CzR9MVjvy,11/15/2022
11,makus@cetwispon.lv,MAUFOX,B83wzNjO6shM,12/19/2022
12,osamarte@waanuecu.aq,JONWEB,wNe0re,8/5/2022
13,jatuc@ezfodod.ac,TERPAR,pxL8J7q37,2/24/2023
14,omi@vefobike.ba,DOREDW,mzrCfQ,6/20/2022
15,ahfadgeb@heeg.af,CLACOO,dkI5Y25k34h,6/3/2022
16,zi@cadowa.bw,CYNLON,NzDHBXEejA,11/20/2022
17,ridijri@fikupa.fk,MAUGON,2xeif6ti0,2/22/2022
18,uloufofat@gam.ms,MASDAN,6eCHIWRHEQq,5/8/2022
19,bam@elu.dj,BRYGEO,RhqAp4CyC,8/24/2022
20,go@umfuri.tn,STETOD,dvwfvaYBsJM,1/13/2022
21,paliwa@cazogoupu.ki,MAGPAD,0sst7tqbzIDh,2/2/2022
22,cu@saholmu.re,LUCFLO,ekYgdd,6/10/2022
23,vivdon@cofogo.gov,EMICAN,1CCRptJe,1/9/2022
24,banfu@zom.sn,MITFOW,0ui42ItMR,10/11/2022
25,tililafet@zinuove.qa,GLELAM,mCXjAY6gdEnL,8/3/2022
26,agasurcaw@useh.hn,RUSBEN,uQXx6UX,3/25/2022
27,viszeral@gu.bg,LOUWAL,j9SjCExGE,1/4/2023
28,ovdas@turpiti.sn,CARLOW,lvCBXcg,1/19/2023
29,idikevhab@gurgewa.vi,MARWIL,vwk2kbDpGKT,11/4/2022
30,ce@onehircov.cw,ALLMAL,JLsiaYIjunf,8/23/2022
31,wezeono@nuhloj.tc,PHIBRO,grwkSBVz3GG,2/11/2023
32,ju@tup.bd,ISABRI,AjF703achXPZ,11/28/2022
33,gir@jirhes.sm,ELVRIV,M444f2ym,9/18/2022
34,evu@cizbo.cn,ALFMCK,aYjb8C,3/28/2022
35,no@nac.st,WINBAS,8m3vQI6VW,4/3/2022
36,uwac@subu.cg,GEOTER,il0Fe7BY866,10/27/2022
37,fivjuk@hobdej.mh,GERLAM,8eqEiWC,1/20/2022
38,dot@das.io,OWEDEL,sizagdMS,2/18/2022
39,johlil@ko.ck,CLIMEN,1ikacnWN,6/6/2022
40,owuni@fo.gn,HULHAR,OZhhMxvWhmZG,8/16/2022
41,ge@cecivges.bq,ETHLAW,v3G5VYDU,10/23/2022
42,uk@pal.ps,RICJOR,nDB0yEc,11/20/2022
43,zil@hi.sa,KATMAL,XjNbJds4nYbN,7/5/2022
44,suzirer@uk.cn,SUEWAR,XL79ihuvI3St,7/7/2022
45,ledikno@pum.sg,JORBAR,etuCIcCa,7/17/2022
46,jiv@cavuw.net,BETFLO,EgSjMNI,1/29/2022
47,ike@loecdu.vi,CHAPER,cBBHihJ6TEY,3/12/2022
48,dir@ulnuhdol.si,SUSSTO,XN3WEm,10/24/2022
49,gacjop@dan.aq,HENPOP,Ufy8y2,11/4/2022
50,babecvum@tulzikef.ni,OWEROS,IpxB1mJz,2/1/2022
51,kaf@ro.lb,MARJIM,zWgy0B1GMnD,9/17/2022
52,un@zi.mm,HARCOX,Ywl0fkBI,3/28/2022
53,arauj@vienaiw.ck,HELPOW,qtzxdJcaIB,8/3/2022
54,it@bow.ye,HARBEC,IThobYhu,4/13/2022
55,wooz@uv.fk,DOLMAR,GRdIiD,10/6/2022
56,dimih@adowiwaz.yt,LOIHAY,F8m51XqJYW6E,5/25/2022
57,aw@uji.ve,EVEWIS,mDkTBAc,2/13/2022
58,ve@ri.gd,KATNOR,jmRdm09Z6ZR,10/2/2022
59,jec@loski.dk,ISAHAR,jlSA3Pco,5/26/2022
60,apzaes@zohfowuf.nu,JESABB,naWNf91nO4i,5/7/2022
61,fokaen@bi.li,EMIWAT,f3V131r,1/15/2022
62,jujgunpa@kanalpid.cr,GERJOH,aLbqMMQ6,1/24/2023
63,zuf@jen.ye,SEAJOS,DfHCo2EYrF,3/7/2022
64,ova@orfijti.et,ORAGRA,FMcGA0S,2/6/2023
65,cuvmal@kew.nl,LIDRUI,7PXJf30on,11/17/2022
66,popat@buj.er,MILGUT,aLmysPNrWZ,3/11/2022
67,pi@gimimon.sa,LEEBAR,LGHLNU,2/1/2023
68,mul@tep.ht,BENFAR,m899SZBCrt,9/26/2022
69,bo@pew.ht,JEFCAS,PyDMpkV5JCP,11/11/2022
70,zeosu@uza.tz,STEPER,RZshP6U2w,10/9/2022
71,gor@veimuku.sc,HARKIN,khPaSKf8,2/7/2022
72,hen@reitoab.zw,RAYWHE,C0EKzg9iy,11/12/2022
73,icujipce@im.se,CARLAW,bKkrud3U,3/15/2022
74,inuhaiz@jusotu.gh,JERRYA,dPmVDbtKrTh,12/16/2022
75,jefuw@mul.va,ALATAY,ETRl2k,5/11/2022
76,ebdadowo@jiswuz.vi,CLASPA,VLgI2v,8/28/2022
77,wi@tu.bz,ROYHOF,jPHOx4,10/13/2022
78,dic@ekzuz.mk,JEARAM,CW30WyHWCf00,11/1/2022
79,godtizce@norge.edu,PEAKEL,fZ1lYU816rom,11/28/2022
80,pi@uspukpis.ba,JOHCHR,26T5QEOpd,9/9/2022
81,lefunaka@gi.sg,ROBBOO,l2wlsV,3/10/2022
82,tekpuv@vonguh.km,LUKHAY,WteDf0f,5/29/2022
83,uvpalhi@japiwi.br,WALRHO,dAimqJk,2/21/2022
84,ijdok@so.cf,DUSBEL,utlkUA,12/9/2022
85,pakodco@zuf.at,CHAPAT,kCllPmCCC,7/4/2022
86,mim@nut.cd,HUNALL,4qnKRNqE,9/7/2022
87,ma@kofwe.ni,FRAFOR,1y5ksC,10/5/2022
88,ihohku@ka.hm,LLONUN,eR2t83ui,1/30/2022
89,okowevo@inifow.ac,HARDEA,j6Zmifb2WDLA,1/19/2022
90,suv@ropojer.org,ANNBAT,0zkneVeBu,12/3/2022
91,wuvpok@hinuk.il,LARBAT,6jymBa,4/23/2022
92,kuhze@fejsida.jp,AARMCL,3jgUXFLC7uX,5/2/2022
93,pomsoste@ko.sz,LINGAR,sdo3kR1,2/13/2023
94,titac@hum.lu,MILPIE,eBTK1C4,6/16/2022
95,oni@cempubi.io,AMYCOP,eTFeHpCU,2/18/2022
96,jinafig@if.cv,DOUBOW,zNdFf9,3/6/2022
97,eze@tazekuzu.ir,SOPOLI,3rhunD3hqh4,1/9/2022
98,ci@ovohagpo.org,MARTER,hwVJNMY0adF8,1/3/2022
99,ra@agu.mu,RAYWIL,w8uyLjiXBxs,1/2/2022
100,lawuderi@cowaw.tz,DELDAN,NV2uP4hEM70,9/11/2022
