name, surname, email, gender, DoB
Herman,Hale,mezadogip@zop.zw,Male,5/1/1984
Bess,Erickson,lazsi@egzet.gm,Male,2/26/1991
Don,Gross,pehef@ewecujnu.gov,Female,2/24/1988
Linnie,Payne,johug@kubcu.cy,Male,4/16/2000
Kyle,Davis,ehbepzi@pid.jm,Female,4/20/1980
Claudia,Keller,vispemod@zabakug.pf,Female,6/7/1971
Jeffery,Johnson,dace@hommir.ie,Female,10/30/1985
Hallie,Steele,ruoho@foz.nz,Male,5/13/1982
Marvin,Powell,cuhih@gipep.bn,Female,11/12/1983
Mollie,Francis,hug@faze.mh,Male,12/21/1977
Maurice,Fox,makus@cetwispon.lv,Male,8/29/1988
Jon,Webb,osamarte@waanuecu.aq,Male,1/15/1963
Teresa,Park,jatuc@ezfodod.ac,Male,3/9/1963
Dora,Edwards,omi@vefobike.ba,Female,2/8/1994
Clara,Cooper,ahfadgeb@heeg.af,Female,3/29/1961
Cynthia,Long,zi@cadowa.bw,Female,3/22/2002
Maude,Gonzales,ridijri@fikupa.fk,Female,6/16/2004
Mason,Daniel,uloufofat@gam.ms,Male,2/18/1963
Bryan,George,bam@elu.dj,Male,10/18/2001
Steve,Todd,go@umfuri.tn,Male,6/26/1975
Maggie,Padilla,paliwa@cazogoupu.ki,Male,10/9/1968
Lucile,Flores,cu@saholmu.re,Male,1/3/1973
Emily,Cannon,vivdon@cofogo.gov,Female,7/27/1990
Mitchell,Fowler,banfu@zom.sn,Female,12/1/1962
Glen,Lambert,tililafet@zinuove.qa,Male,2/22/1978
Russell,Bennett,agasurcaw@useh.hn,Male,6/5/1961
Louis,Walsh,viszeral@gu.bg,Male,11/17/2001
Caroline,Lowe,ovdas@turpiti.sn,Female,6/27/1981
Marcus,Williamson,idikevhab@gurgewa.vi,Female,7/19/1981
Allie,Malone,ce@onehircov.cw,Male,8/4/1978
Philip,Brooks,wezeono@nuhloj.tc,Female,5/28/1998
Isabel,Briggs,ju@tup.bd,Female,6/12/1973
Elva,Rivera,gir@jirhes.sm,Male,2/13/2001
Alfred,McKinney,evu@cizbo.cn,Male,3/10/2002
Winnie,Bass,no@nac.st,Female,5/21/1995
Georgia,Terry,uwac@subu.cg,Male,9/25/1998
Gertrude,Lamb,fivjuk@hobdej.mh,Female,1/3/1985
Owen,Delgado,dot@das.io,Female,1/16/1963
Clifford,Mendoza,johlil@ko.ck,Male,1/11/1958
Hulda,Harvey,owuni@fo.gn,Female,6/13/1986
Ethan,Lawrence,ge@cecivges.bq,Female,6/5/1974
Ricardo,Jordan,uk@pal.ps,Female,4/6/1985
Katherine,Maldonado,zil@hi.sa,Female,2/16/1991
Sue,Warren,suzirer@uk.cn,Female,3/27/1989
Jordan,Barrett,ledikno@pum.sg,Male,9/9/1976
Betty,Flowers,jiv@cavuw.net,Female,8/29/2002
Chad,Perry,ike@loecdu.vi,Female,12/9/1988
Susie,Stone,dir@ulnuhdol.si,Male,2/9/2001
Henry,Pope,gacjop@dan.aq,Male,11/5/1961
Owen,Ross,babecvum@tulzikef.ni,Female,9/22/1994
Mario,Jimenez,kaf@ro.lb,Male,5/14/1964
Harriet,Cox,un@zi.mm,Male,7/18/1989
Helena,Powers,arauj@vienaiw.ck,Male,5/19/1971
Harriet,Becker,it@bow.ye,Female,1/6/1992
Dollie,Martin,wooz@uv.fk,Male,8/7/1976
Lois,Hayes,dimih@adowiwaz.yt,Female,4/15/1959
Evelyn,Wise,aw@uji.ve,Male,2/28/1963
Katherine,Norris,ve@ri.gd,Male,1/6/1992
Isabel,Hart,jec@loski.dk,Male,10/15/1988
Jesus,Abbott,apzaes@zohfowuf.nu,Male,9/4/2004
Emily,Waters,fokaen@bi.li,Female,2/17/1981
Gerald,Johnson,jujgunpa@kanalpid.cr,Male,1/13/1961
Sean,Joseph,zuf@jen.ye,Male,2/28/1961
Ora,Graham,ova@orfijti.et,Female,12/13/1979
Lida,Ruiz,cuvmal@kew.nl,Female,12/5/1985
Mildred,Gutierrez,popat@buj.er,Male,7/24/1965
Lee,Barrett,pi@gimimon.sa,Female,6/11/1966
Benjamin,Farmer,mul@tep.ht,Female,1/27/1977
Jeffery,Castillo,bo@pew.ht,Female,6/24/1989
Stella,Perez,zeosu@uza.tz,Female,1/18/2002
Harry,King,gor@veimuku.sc,Male,1/5/1966
Raymond,Wheeler,hen@reitoab.zw,Female,8/9/1964
Carlos,Lawson,icujipce@im.se,Female,1/6/1988
Jeremy,Ryan,inuhaiz@jusotu.gh,Male,7/13/2005
Alan,Taylor,jefuw@mul.va,Male,10/6/1964
Clara,Sparks,ebdadowo@jiswuz.vi,Female,4/24/1986
Roy,Hoffman,wi@tu.bz,Female,2/2/1994
Jeanette,Ramos,dic@ekzuz.mk,Male,7/22/1996
Pearl,Kelly,godtizce@norge.edu,Male,9/9/2000
John,Christensen,pi@uspukpis.ba,Female,5/22/1964
Robert,Boone,lefunaka@gi.sg,Female,12/14/1979
Luke,Haynes,tekpuv@vonguh.km,Male,4/30/1962
Walter,Rhodes,uvpalhi@japiwi.br,Male,4/9/1991
Dustin,Bell,ijdok@so.cf,Female,1/20/1989
Chase,Patterson,pakodco@zuf.at,Female,8/11/1987
Hunter,Allen,mim@nut.cd,Female,4/20/1975
Francis,Ford,ma@kofwe.ni,Female,10/13/2003
Lloyd,Nunez,ihohku@ka.hm,Male,8/14/1969
Harold,Dean,okowevo@inifow.ac,Female,4/6/1979
Anne,Bates,suv@ropojer.org,Female,7/5/1994
Larry,Bates,wuvpok@hinuk.il,Female,7/7/1998
Aaron,McLaughlin,kuhze@fejsida.jp,Female,8/21/1974
Lina,Gardner,pomsoste@ko.sz,Female,6/16/1985
Mildred,Pierce,titac@hum.lu,Female,11/18/2002
Amy,Copeland,oni@cempubi.io,Male,7/24/1966
Douglas,Bowers,jinafig@if.cv,Female,11/6/1965
Sophia,Oliver,eze@tazekuzu.ir,Female,11/19/1968
Marcus,Terry,ci@ovohagpo.org,Female,11/19/1973
Ray,Wilkerson,ra@agu.mu,Female,5/15/2001
Della,Daniel,lawuderi@cowaw.tz,Male,2/27/1987
